name,email,phone,message,status
Leona Rempel,Tate.Strosin15@yahoo.com,(739) 299-5731,Nisi ipsum esse beatae commodi deserunt earum. Dolor dolorem occaecati quaerat.,pending
Mike Johnson,Khalil58@hotmail.com,1-929-914-9063 x25613,Natus ea illo porro voluptate qui perferendis accusantium. Quidem temporibus dicta nisi.,pending
Cristina Grady,Lilliana.Halvorson@hotmail.com,593.425.7804,Eos ab laborum. Magnam occaecati necessitatibus sit aut nostrum omnis.,pending
Dr. Theresa Torp,Raphaelle0@gmail.com,498.927.6930,Quo voluptate aut ea. Aut quas autem repudiandae velit.,pending
Jessica Kunze,Jaydon43@yahoo.com,1-561-886-9128 x30589,Incidunt quia blanditiis. Voluptates accusantium quam ex.,pending
Lula Murray,Evelyn_Rutherford19@hotmail.com,665.240.6589,Et est quibusdam voluptas et debitis molestiae nihil. Saepe iure culpa delectus pariatur quis non harum aperiam.,pending
Wesley Bernier IV,Tommie_Conroy53@hotmail.com,919.842.5967,A quidem sed nihil eos eaque ratione ut facere et. Voluptas modi fugit nihil asperiores praesentium.,pending
Spencer Bogisich Sr.,Earnestine_Rice82@hotmail.com,(292) 891-6910 x7558,Iure adipisci accusantium dolor id. Voluptatem et rerum molestiae corporis.,pending
Faye Sporer,Isaiah.Volkman@gmail.com,(805) 461-3757 x502,Velit iure dolore. Non qui a sed optio.,pending
Melvin Champlin,Yvette51@gmail.com,(601) 593-9684 x17197,Ut fugit eaque harum. Architecto est sequi blanditiis architecto aut sit quidem.,pending
