customerName,email,tripType,from,to,departureDate
Sherry Boyle,Lenora.Turner@yahoo.com,one-way,Modlin Airporrrrr,Karup Airport,Mon May 19 2025 05:00:00 GMT+0500 (Pakistan Standard Time)
Mr. Jeremiah Ledner,Arvilla_Gutkowski1@hotmail.com,round-trip,Houghton County Memorial Airport,Tripoli International Airport,Fri May 30 2025 05:00:00 GMT+0500 (Pakistan Standard Time)
Carol Purdy,Hilma.Miller@yahoo.com,one-way,VlorÃ« Air Base,Smith Field,Wed May 28 2025 08:52:26 GMT+0500 (Pakistan Standard Time)
Stella Hickle PhD,Lulu33@gmail.com,round-trip,Altenburg-Nobitz Airport,Rumjatar Airport,Sun May 25 2025 08:52:26 GMT+0500 (Pakistan Standard Time)
Hattie Funk,Leilani23@hotmail.com,one-way,Yuanmou Air Base,Calvi-Sainte-Catherine Airport,Thu May 08 2025 08:52:26 GMT+0500 (Pakistan Standard Time)
Oliver Kreiger,Angelina15@yahoo.com,one-way,Mafia Island Airport,Harar Meda Airport,Fri May 30 2025 08:52:26 GMT+0500 (Pakistan Standard Time)
Silvia Breitenberg,Callie.Schinner@yahoo.com,round-trip,Wageningen Airstrip,Quimper-Cornouaille Airport,Wed May 21 2025 08:52:26 GMT+0500 (Pakistan Standard Time)
Delores Paucek,Haven.Stamm98@yahoo.com,one-way,Keshod Airport,Pasni Airport,Wed May 21 2025 08:52:26 GMT+0500 (Pakistan Standard Time)
Dr. Vanessa Jacobi,Raleigh75@gmail.com,one-way,Uray Airport,Lycksele Airport,Sun May 11 2025 08:52:26 GMT+0500 (Pakistan Standard Time)
Hilda Lebsack,Vada78@hotmail.com,one-way,Taloyoak Airport,Hong Kong International Airport,Mon May 19 2025 08:52:26 GMT+0500 (Pakistan Standard Time)
